"period_pair","feature","coefficient","abs_coef","norm_coef","rank"
"5yr_vs_8yr","med_LTG",1.11884625892593,1.11884625892593,1,1
"5yr_vs_8yr","med_PHT",0.969016837832535,0.969016837832535,0.866085782655047,2
"5yr_vs_8yr","med_RFM",0.79436863620378,0.79436863620378,0.709989089087502,3
"5yr_vs_8yr","med_CBD",0.778683787223944,0.778683787223944,0.695970318541767,4
"5yr_vs_8yr","med_ESL",0.548341284956031,0.548341284956031,0.490095292880031,5
"5yr_vs_8yr","med_CLB",-0.336606522577614,0.336606522577614,0.300851452907167,6
"5yr_vs_8yr","med_CLZ",0.11465125651297,0.11465125651297,0.102472753158269,7
"5yr_vs_8yr","med_ZNS",0.0186250698122861,0.0186250698122861,0.0166466747899446,8
